name,location_desc,county,size,lat,lon
Alder Creek,Tributary of Big Lost River,Custer,10 mi.,47.2226847,-116.6076654
Alder Creek,Lost River Drainage,Custer,2.6 mi.,47.2226847,-116.6076654
Alex Draw,Tributary of West Camas Creek,Clark,3.2 mi.,44.461572,-112.1123112
Anderson Canyon,Tributary of Unnamed Stream,Butte,3.2 mi.,44.1534421,-111.3663261
Anderson Mill Canyon,Tributary of Henrys Fork Snake River,Fremont,5.8 mi.,44.1534421,-111.3663261
Angel Lake,Lost River Drainage,Custer,15.7 acres,43.8011616,-114.0520603
Antelope Creek,Tributary of South Fork Snake River,Bonneville,17 mi.,43.6828964,-113.6234102
Antelope Creek,Tributary of Big Lost River,"Butte, Custer",31.1 mi.,43.6828964,-113.6234102
Antelope Lakes,Mud Lake Drainage,-,0.2 acres,44.2701212,-112.6224447
Antelope Lakes,Mud Lake Drainage,Clark,0.5 acres,44.2701212,-112.6224447
Antelope Lakes,Mud Lake Drainage,-,0.1 acres,44.2701212,-112.6224447
Antelope Lakes,Mud Lake Drainage,-,0.1 acres,44.2701212,-112.6224447
Antelope Lakes,Mud Lake Drainage,-,0.1 acres,44.2701212,-112.6224447
Arrowhead Lake,Lost River Drainage,Custer,6.6 acres,43.7443342,-114.0944041
Ashton Reservoir,Tributary of Henrys Fork Snake River,Fremont,371.6 acres,44.095351,-111.4951816
Aspen Creek,Tributary of Sawmill Creek,Custer,1.9 mi.,43.6357878,-116.2986561
Austin Canyon,Tributary of Siddoway Fork,Bonneville,2.9 mi.,43.3927398,-111.0643684
Badger Creek,Tributary of Teton River,Teton,13 mi.,46.5284368,-114.8310223
Badger Creek,Snake River Drainage,Bonneville,4.6 mi.,46.5284368,-114.8310223
Badger Creek,Tributary of Little Lost River,Butte,10.9 mi.,46.5284368,-114.8310223
Bailey Creek,Snake River Drainage,Bonneville,2.4 mi.,46.2214829,-114.9039937
Bailey Creek,Tributary of Wildhorse Creek,Custer,2.4 mi.,46.2214829,-114.9039937
Baiya Naokwaide,Tributary of Wet Creek,"Butte, Custer",9.7 mi.,44.1002678,-113.4572355
Baker Draw,Henry's Fork Drainage,Fremont,4.1 mi.,44.3179747,-111.2564274
Baptie Lake,Tributary of Broad Canyon,Custer,4.6 acres,43.7764344,-114.0148136
Bartlett Creek,Lost River Drainage,Custer,4.5 mi.,42.4055504,-111.4852279
Bartlett Creek,Tributary of North Fork Big Lost River,Custer,3.7 mi.,42.4055504,-111.4852279
Basin Creek,Tributary of Wet Creek,"Butte, Custer",6.4 mi.,45.4551088,-115.6900714
Bates Creek,South Fork Drainage,Bonneville,1.8 mi.,43.0472593,-116.4744219
Bavahope Naokwaide,Tributary of Birch Creek,"Bingham, Bonneville",7.4 mi.,43.345116,-111.8304455
Bear Creek,Tributary of South Fork Snake River,Bonneville,22.1 mi.,46.0480545,-114.7300442
Bear Creek,Tributary of Robinson Creek,Fremont,3.4 mi.,46.0480545,-114.7300442
Bear Creek,Snake River Drainage,Bonneville,2.8 mi.,46.0480545,-114.7300442
Bear Creek,Tributary of Sawmill Creek,Lemhi,4.6 mi.,46.0480545,-114.7300442
Bear Creek,Tributary of Pass Creek,Custer,4.6 mi.,46.0480545,-114.7300442
Bear Creek,Tributary of Antelope Creek,Custer,4.6 mi.,46.0480545,-114.7300442
Bear Creek,Tributary of North Fork Big Lost River,Custer,2.4 mi.,46.0480545,-114.7300442
Bear Creek Lake,Lost River Drainage,Custer,4.5 acres,43.9933013,-113.5133686
Bear Gulch,Tributary of West Camas Creek,Clark,6.6 mi.,45.7048617,-116.457628
Bear Lake,Henry's Fork Drainage,Fremont,20.5 acres,42.2172123,-111.3198808
Bear Trap Creek,Tributary of Pasture Creek,Clark,1.9 mi.,45.4219475,-116.5459539
Beaver Creek,Tributary of Rock Creek,Fremont,1.8 mi.,44.4134279,-115.1481464
Beaver Creek,Tributary of Fall Creek,Bonneville,3.1 mi.,44.4134279,-115.1481464
Beaver Creek,Snake River Drainage,Bonneville,1.9 mi.,44.4134279,-115.1481464
Beaver Creek,Tributary of Camas Creek,"Clark, Jefferson",58.5 mi.,44.4134279,-115.1481464
Beaver Pond,Henry's Fork Drainage,Fremont,62.4 acres,44.211028,-111.2788385
Bell Creek,Henry's Fork Drainage,Teton,1.8 mi.,44.6426765,-115.092799
Bench Lake,Lost River Drainage,Custer,3.7 acres,43.7789044,-114.0021201
Berry Canyon,Lost River Drainage,Butte,3 mi.,48.4148898,-116.534227
Berry Creek,Tributary of Modoc Creek,Clark,4.2 mi.,48.4160057,-116.5332532
Betty Lake,Lost River Drainage,Custer,18.9 acres,43.785813,-114.0124346
Big Butte Reservoir,Lost River Drainage,Butte,0.4 acres,43.4415733,-113.1025001
Big Creek,Tributary of Wet Creek,Custer,7.1 mi.,47.5140447,-116.0665051
Big Creek Lake,Tributary of Big Creek,Custer,3.3 acres,44.1637957,-114.5027996
Big Elk Creek,Tributary of South Fork Snake River,Bonneville,11.2 mi.,45.8276089,-115.4405666
Big Fall Creek,Tributary of Summit Creek,Custer,3.8 mi.,43.8692088,-114.2349212
Big Fall Creek Lake,Lost River Drainage,Custer,2.8 acres,43.873989,-114.2473971
Big Lake,Lost River Drainage,Butte,156.1 acres,43.7310158,-113.8580902
Big Lake,Lost River Drainage,Custer,14.2 acres,43.7310158,-113.8580902
Big Lost River,Tributary of Dry Channel Big Lost River,"Butte, Custer",134.9 mi.,43.8088913,-113.3897594
Big Rocky Canyon,Tributary of East Fork Big Lost River,Custer,2.3 mi.,43.3324605,-116.5978298
Big Spring Creek,Mud Lake Drainage,Clark,1.9 mi.,42.6476093,-111.6056832
Big Spring Creek,Tributary of Little Lost River,Butte,12.2 mi.,42.6476093,-111.6056832
Big Spring Creek,South Fork Drainage,Bonneville,3.8 mi.,42.6476093,-111.6056832
Bighorn Canyon,Tributary of Sawmill Canyon,Butte,4.5 mi.,43.6471353,-116.6555585
Birch Creek,Snake River Drainage,Bonneville,14.8 mi.,42.228248,-111.7249543
Birch Creek,Tributary of Willow Creek,"Bingham, Bonneville",7.4 mi.,42.228248,-111.7249543
Birch Creek,Lost River Drainage,"Butte, Clark, Lemhi",46 mi.,42.228248,-111.7249543
Bird Canyon,Tributary of Unnamed Stream,Butte,3.1 mi.,45.7581549,-116.3077287
Bishop Lake,Tributary of Porcupine Canyon,Fremont,17.1 acres,44.384916,-111.5863491
Bitch Creek,Tributary of Teton River,"Fremont, Teton",21.4 mi.,43.972968,-111.0910356
Black Canyon,Tributary of Warm Spring Creek,Butte,4.9 mi.,43.9246252,-116.4457813
Black Canyon,Tributary of Warm Creek,Clark,2.1 mi.,43.9246252,-116.4457813
Black Creek,Tributary of Little Lost River,Butte,7 mi.,48.5926168,-116.2497907
Black Creek,South Fork Drainage,Bonneville,2.2 mi.,48.5926168,-116.2497907
Blacktail Creek,Tributary of South Fork Canyon Creek,Teton,2.9 mi.,45.8173615,-116.2037229
Blacktail Creek,Tributary of Willow Creek,Bonneville,5.4 mi.,45.8173615,-116.2037229
Blaze Canyon,Tributary of Big Lost River,Custer,2.6 mi.,43.7297802,-116.5760468
Blind Canyon,Tributary of Scott Canyon,Lemhi,3 mi.,43.3494374,-116.6048599
Blind Creek,Tributary of Myers Creek,Fremont,2.5 mi.,44.2907184,-114.738039
Blind Creek,Tributary of North Fork Big Lost River,Custer,5 mi.,44.2907184,-114.738039
Blue Creek,Mud Lake Drainage,Clark,8.4 mi.,44.1415275,-111.3494589
Blue Creek,Unknown Drainage,-,null acres,44.1415275,-111.3494589
Blue Creek,Snake River Drainage,Bonneville,1.7 mi.,44.1415275,-111.3494589
Blue Creek,Tributary of Henrys Fork Snake River,Fremont,4.5 mi.,44.1415275,-111.3494589
Blue Creek,Tributary of Hotel Creek,Fremont,7.8 mi.,44.1415275,-111.3494589
Blue Creek Reservoir,Tributary of Blue Creek,Fremont,8.4 acres,44.2238026,-111.6116272
Blue Jay Canyon,Tributary of Pass Creek,Custer,1 mi.,43.6175896,-116.4970985
Boone Creek,Lost River Drainage,Custer,5 mi.,44.0749599,-111.0590674
Boone Creek,Tributary of East Fork Big Lost River,Custer,6.4 mi.,44.0749599,-111.0590674
Boone Creek,Tributary of Falls River,Fremont,8.8 mi.,44.0749599,-111.0590674
Boulder Creek,Lost River Drainage,Butte,6.8 mi.,46.3237876,-115.254593
Boulder Creek,Tributary of Wildhorse Creek,Custer,3.6 mi.,46.3237876,-115.254593
Boulder Lake,Lost River Drainage,Custer,10.3 acres,43.7979751,-114.1305592
Boulder Lake #1,Lost River Drainage,Custer,2 acres,44.8753591,-116.0254293
Boulder Lake #2,Lost River Drainage,Custer,2.3 acres,44.8753591,-116.0254293
Boundary Creek,Tributary of Bechler River,Fremont,24.8 mi.,48.9983672,-116.6975239
Box Canyon,Tributary of South Fork Snake River,Bonneville,4 mi.,44.3772054,-111.4053412
Box Canyon,Tributary of Rattlesnake Creek,Fremont,2.4 mi.,44.3772054,-111.4053412
Box Canyon Creek,South Fork Drainage,Bonneville,4.4 mi.,45.6111856,-116.2790179
Boyle Creek,Tributary of Big Lost River,Butte,2.8 mi.,42.0265167,-116.1497531
Briggs Canyon,Tributary of Taylor Canyon,Butte,7.3 mi.,43.5311094,-116.5224104
Broad Canyon,Tributary of Star Hope Creek,Custer,5.5 mi.,43.7670603,-113.9977442
Brockie Lake,Tributary of Right Fork Iron Bog Creek,Custer,7.2 acres,43.6896572,-113.8512287
Brockman Creek,Tributary of Grays Lake Outlet,Bonneville,17.3 mi.,43.2133348,-111.4142376
Buck Creek,Tributary of Mill Creek,Bingham,2.8 mi.,46.6002241,-115.9936647
Buckhorn Canyon,Tributary of Nicholia Canyon,"Clark, Lemhi",3.4 mi.,44.24839,-112.7293821
Buffalo Lake,Henry's Fork Drainage,Fremont,12.9 acres,44.3289309,-111.0736304
Buffalo River,Tributary of Henrys Fork Snake River,Fremont,8.7 mi.,44.4380181,-111.3308846
Bull Creek,Tributary of Sawmill Creek,Custer,2.5 mi.,45.4940701,-115.7088479
Bunkhouse Creek,Tributary of Icehouse Creek,Fremont,1.5 mi.,46.127457,-114.9166314
Burgess Canal,Tributary of Snake River,"Bonneville, Jefferson",19.3 mi.,43.6426863,-112.0131612
Burns Creek,Tributary of Salt River,Bonneville,5.1 mi.,43.134914,-111.0505851
Burnt Creek,Tributary of Big Lost River,Custer,4.6 mi.,45.9471775,-116.5591987
Butcher Creek,Tributary of East Fork Big Lost River,Custer,2.9 mi.,45.9643794,-116.0470159
Cabin Creek,Lost River Drainage,Butte,1.7 mi.,48.5719482,-116.2423941
Cabin Creek,South Fork Drainage,Bonneville,1.9 mi.,48.5719482,-116.2423941
Cabin Creek,South Fork Drainage,Bonneville,2.3 mi.,48.5719482,-116.2423941
Cabin Creek,Tributary of East Fork Big Lost River,Custer,7.3 mi.,48.5719482,-116.2423941
Cabin Fork,Tributary of Cedarville Canyon,Butte,6.4 mi.,45.1935621,-114.9206959
Calf Creek,Tributary of Dairy Creek,Clark,2.1 mi.,45.1531416,-114.8971449
Camas Creek,Tributary of Mud Lake,"Clark, Jefferson",63.3 mi.,44.8876415,-114.6840131
Big Rocky Canyon,Tributary of East Fork Big Lost River,Custer,2.3 mi.,43.3324605,-116.5978298
Big Spring Creek,Mud Lake Drainage,Clark,1.9 mi.,42.6476093,-111.6056832
Big Spring Creek,Tributary of Little Lost River,Butte,12.2 mi.,42.6476093,-111.6056832
Big Spring Creek,South Fork Drainage,Bonneville,3.8 mi.,42.6476093,-111.6056832
Bighorn Canyon,Tributary of Sawmill Canyon,Butte,4.5 mi.,43.6471353,-116.6555585
Birch Creek,Snake River Drainage,Bonneville,14.8 mi.,42.228248,-111.7249543
Birch Creek,Tributary of Willow Creek,"Bingham, Bonneville",7.4 mi.,42.228248,-111.7249543
Birch Creek,Lost River Drainage,"Butte, Clark, Lemhi",46 mi.,42.228248,-111.7249543
Bird Canyon,Tributary of Unnamed Stream,Butte,3.1 mi.,45.7581549,-116.3077287
Bishop Lake,Tributary of Porcupine Canyon,Fremont,17.1 acres,44.384916,-111.5863491
Bitch Creek,Tributary of Teton River,"Fremont, Teton",21.4 mi.,43.972968,-111.0910356
Black Canyon,Tributary of Warm Spring Creek,Butte,4.9 mi.,43.9246252,-116.4457813
Black Canyon,Tributary of Warm Creek,Clark,2.1 mi.,43.9246252,-116.4457813
Black Creek,Tributary of Little Lost River,Butte,7 mi.,48.5926168,-116.2497907
Black Creek,South Fork Drainage,Bonneville,2.2 mi.,48.5926168,-116.2497907
Blacktail Creek,Tributary of South Fork Canyon Creek,Teton,2.9 mi.,45.8173615,-116.2037229
Blacktail Creek,Tributary of Willow Creek,Bonneville,5.4 mi.,45.8173615,-116.2037229
Blaze Canyon,Tributary of Big Lost River,Custer,2.6 mi.,43.7297802,-116.5760468
Blind Canyon,Tributary of Scott Canyon,Lemhi,3 mi.,43.3494374,-116.6048599
Blind Creek,Tributary of Myers Creek,Fremont,2.5 mi.,44.2907184,-114.738039
Blind Creek,Tributary of North Fork Big Lost River,Custer,5 mi.,44.2907184,-114.738039
Blue Creek,Mud Lake Drainage,Clark,8.4 mi.,44.1415275,-111.3494589
Blue Creek,Unknown Drainage,-,null acres,44.1415275,-111.3494589
Blue Creek,Snake River Drainage,Bonneville,1.7 mi.,44.1415275,-111.3494589
Blue Creek,Tributary of Henrys Fork Snake River,Fremont,4.5 mi.,44.1415275,-111.3494589
Blue Creek,Tributary of Hotel Creek,Fremont,7.8 mi.,44.1415275,-111.3494589
Blue Creek Reservoir,Tributary of Blue Creek,Fremont,8.4 acres,44.2238026,-111.6116272
Blue Jay Canyon,Tributary of Pass Creek,Custer,1 mi.,43.6175896,-116.4970985
Boone Creek,Lost River Drainage,Custer,5 mi.,44.0749599,-111.0590674
Boone Creek,Tributary of East Fork Big Lost River,Custer,6.4 mi.,44.0749599,-111.0590674
Boone Creek,Tributary of Falls River,Fremont,8.8 mi.,44.0749599,-111.0590674
Boulder Creek,Lost River Drainage,Butte,6.8 mi.,46.3237876,-115.254593
Boulder Creek,Tributary of Wildhorse Creek,Custer,3.6 mi.,46.3237876,-115.254593
Boulder Lake,Lost River Drainage,Custer,10.3 acres,43.7979751,-114.1305592
Boulder Lake #1,Lost River Drainage,Custer,2 acres,44.8753591,-116.0254293
Boulder Lake #2,Lost River Drainage,Custer,2.3 acres,44.8753591,-116.0254293
Boundary Creek,Tributary of Bechler River,Fremont,24.8 mi.,48.9983672,-116.6975239
Box Canyon,Tributary of South Fork Snake River,Bonneville,4 mi.,44.3772054,-111.4053412
Box Canyon,Tributary of Rattlesnake Creek,Fremont,2.4 mi.,44.3772054,-111.4053412
Box Canyon Creek,South Fork Drainage,Bonneville,4.4 mi.,45.6111856,-116.2790179
Boyle Creek,Tributary of Big Lost River,Butte,2.8 mi.,42.0265167,-116.1497531
Briggs Canyon,Tributary of Taylor Canyon,Butte,7.3 mi.,43.5311094,-116.5224104
Broad Canyon,Tributary of Star Hope Creek,Custer,5.5 mi.,43.7670603,-113.9977442
Brockie Lake,Tributary of Right Fork Iron Bog Creek,Custer,7.2 acres,43.6896572,-113.8512287
Brockman Creek,Tributary of Grays Lake Outlet,Bonneville,17.3 mi.,43.2133348,-111.4142376
Buck Creek,Tributary of Mill Creek,Bingham,2.8 mi.,46.6002241,-115.9936647
Buckhorn Canyon,Tributary of Nicholia Canyon,"Clark, Lemhi",3.4 mi.,44.24839,-112.7293821
Buffalo Lake,Henry's Fork Drainage,Fremont,12.9 acres,44.3289309,-111.0736304
Buffalo River,Tributary of Henrys Fork Snake River,Fremont,8.7 mi.,44.4380181,-111.3308846
Bull Creek,Tributary of Sawmill Creek,Custer,2.5 mi.,45.4940701,-115.7088479
Bunkhouse Creek,Tributary of Icehouse Creek,Fremont,1.5 mi.,46.127457,-114.9166314
Burgess Canal,Tributary of Snake River,"Bonneville, Jefferson",19.3 mi.,43.6426863,-112.0131612
Burns Creek,Tributary of Salt River,Bonneville,5.1 mi.,43.134914,-111.0505851
Burnt Creek,Tributary of Big Lost River,Custer,4.6 mi.,45.9471775,-116.5591987
Butcher Creek,Tributary of East Fork Big Lost River,Custer,2.9 mi.,45.9643794,-116.0470159
Cabin Creek,Lost River Drainage,Butte,1.7 mi.,48.5719482,-116.2423941
Cabin Creek,South Fork Drainage,Bonneville,1.9 mi.,48.5719482,-116.2423941
Cabin Creek,South Fork Drainage,Bonneville,2.3 mi.,48.5719482,-116.2423941
Cabin Creek,Tributary of East Fork Big Lost River,Custer,7.3 mi.,48.5719482,-116.2423941
Cabin Fork,Tributary of Cedarville Canyon,Butte,6.4 mi.,45.1935621,-114.9206959
Calf Creek,Tributary of Dairy Creek,Clark,2.1 mi.,45.1531416,-114.8971449
Camas Creek,Tributary of Mud Lake,"Clark, Jefferson",63.3 mi.,44.8876415,-114.6840131
Big Rocky Canyon,Tributary of East Fork Big Lost River,Custer,2.3 mi.,43.3324605,-116.5978298
Big Spring Creek,Mud Lake Drainage,Clark,1.9 mi.,42.6476093,-111.6056832
Big Spring Creek,Tributary of Little Lost River,Butte,12.2 mi.,42.6476093,-111.6056832
Big Spring Creek,South Fork Drainage,Bonneville,3.8 mi.,42.6476093,-111.6056832
Bighorn Canyon,Tributary of Sawmill Canyon,Butte,4.5 mi.,43.6471353,-116.6555585
Birch Creek,Snake River Drainage,Bonneville,14.8 mi.,42.228248,-111.7249543
Birch Creek,Tributary of Willow Creek,"Bingham, Bonneville",7.4 mi.,42.228248,-111.7249543
Birch Creek,Lost River Drainage,"Butte, Clark, Lemhi",46 mi.,42.228248,-111.7249543
Bird Canyon,Tributary of Unnamed Stream,Butte,3.1 mi.,45.7581549,-116.3077287
Bishop Lake,Tributary of Porcupine Canyon,Fremont,17.1 acres,44.384916,-111.5863491
Bitch Creek,Tributary of Teton River,"Fremont, Teton",21.4 mi.,43.972968,-111.0910356
Black Canyon,Tributary of Warm Spring Creek,Butte,4.9 mi.,43.9246252,-116.4457813
Black Canyon,Tributary of Warm Creek,Clark,2.1 mi.,43.9246252,-116.4457813
Black Creek,Tributary of Little Lost River,Butte,7 mi.,48.5926168,-116.2497907
Black Creek,South Fork Drainage,Bonneville,2.2 mi.,48.5926168,-116.2497907
Blacktail Creek,Tributary of South Fork Canyon Creek,Teton,2.9 mi.,45.8173615,-116.2037229
Blacktail Creek,Tributary of Willow Creek,Bonneville,5.4 mi.,45.8173615,-116.2037229
Blaze Canyon,Tributary of Big Lost River,Custer,2.6 mi.,43.7297802,-116.5760468
Blind Canyon,Tributary of Scott Canyon,Lemhi,3 mi.,43.3494374,-116.6048599
Blind Creek,Tributary of Myers Creek,Fremont,2.5 mi.,44.2907184,-114.738039
Blind Creek,Tributary of North Fork Big Lost River,Custer,5 mi.,44.2907184,-114.738039
Blue Creek,Mud Lake Drainage,Clark,8.4 mi.,44.1415275,-111.3494589
Blue Creek,Unknown Drainage,-,null acres,44.1415275,-111.3494589
Blue Creek,Snake River Drainage,Bonneville,1.7 mi.,44.1415275,-111.3494589
Blue Creek,Tributary of Henrys Fork Snake River,Fremont,4.5 mi.,44.1415275,-111.3494589
Blue Creek,Tributary of Hotel Creek,Fremont,7.8 mi.,44.1415275,-111.3494589
Blue Creek Reservoir,Tributary of Blue Creek,Fremont,8.4 acres,44.2238026,-111.6116272
Blue Jay Canyon,Tributary of Pass Creek,Custer,1 mi.,43.6175896,-116.4970985
Boone Creek,Lost River Drainage,Custer,5 mi.,44.0749599,-111.0590674
Boone Creek,Tributary of East Fork Big Lost River,Custer,6.4 mi.,44.0749599,-111.0590674
Boone Creek,Tributary of Falls River,Fremont,8.8 mi.,44.0749599,-111.0590674
Boulder Creek,Lost River Drainage,Butte,6.8 mi.,46.3237876,-115.254593
Boulder Creek,Tributary of Wildhorse Creek,Custer,3.6 mi.,46.3237876,-115.254593
Boulder Lake,Lost River Drainage,Custer,10.3 acres,43.7979751,-114.1305592
Boulder Lake #1,Lost River Drainage,Custer,2 acres,44.8753591,-116.0254293
Boulder Lake #2,Lost River Drainage,Custer,2.3 acres,44.8753591,-116.0254293
Boundary Creek,Tributary of Bechler River,Fremont,24.8 mi.,48.9983672,-116.6975239
Box Canyon,Tributary of South Fork Snake River,Bonneville,4 mi.,44.3772054,-111.4053412
Box Canyon,Tributary of Rattlesnake Creek,Fremont,2.4 mi.,44.3772054,-111.4053412
Box Canyon Creek,South Fork Drainage,Bonneville,4.4 mi.,45.6111856,-116.2790179
Boyle Creek,Tributary of Big Lost River,Butte,2.8 mi.,42.0265167,-116.1497531
Briggs Canyon,Tributary of Taylor Canyon,Butte,7.3 mi.,43.5311094,-116.5224104
Broad Canyon,Tributary of Star Hope Creek,Custer,5.5 mi.,43.7670603,-113.9977442
Brockie Lake,Tributary of Right Fork Iron Bog Creek,Custer,7.2 acres,43.6896572,-113.8512287
Brockman Creek,Tributary of Grays Lake Outlet,Bonneville,17.3 mi.,43.2133348,-111.4142376
Buck Creek,Tributary of Mill Creek,Bingham,2.8 mi.,46.6002241,-115.9936647
Buckhorn Canyon,Tributary of Nicholia Canyon,"Clark, Lemhi",3.4 mi.,44.24839,-112.7293821
Buffalo Lake,Henry's Fork Drainage,Fremont,12.9 acres,44.3289309,-111.0736304
Buffalo River,Tributary of Henrys Fork Snake River,Fremont,8.7 mi.,44.4380181,-111.3308846
Bull Creek,Tributary of Sawmill Creek,Custer,2.5 mi.,45.4940701,-115.7088479
Bunkhouse Creek,Tributary of Icehouse Creek,Fremont,1.5 mi.,46.127457,-114.9166314
Burgess Canal,Tributary of Snake River,"Bonneville, Jefferson",19.3 mi.,43.6426863,-112.0131612
Burns Creek,Tributary of Salt River,Bonneville,5.1 mi.,43.134914,-111.0505851
Burnt Creek,Tributary of Big Lost River,Custer,4.6 mi.,45.9471775,-116.5591987
Butcher Creek,Tributary of East Fork Big Lost River,Custer,2.9 mi.,45.9643794,-116.0470159
Cabin Creek,Lost River Drainage,Butte,1.7 mi.,48.5719482,-116.2423941
Cabin Creek,South Fork Drainage,Bonneville,1.9 mi.,48.5719482,-116.2423941
Cabin Creek,South Fork Drainage,Bonneville,2.3 mi.,48.5719482,-116.2423941
Cabin Creek,Tributary of East Fork Big Lost River,Custer,7.3 mi.,48.5719482,-116.2423941
Cabin Fork,Tributary of Cedarville Canyon,Butte,6.4 mi.,45.1935621,-114.9206959
Calf Creek,Tributary of Dairy Creek,Clark,2.1 mi.,45.1531416,-114.8971449
Camas Creek,Tributary of Mud Lake,"Clark, Jefferson",63.3 mi.,44.8876415,-114.6840131
Camp Creek,Tributary of Beaver Creek,Clark,2.3 mi.,48.5637871,-116.1065637
Camp Creek,Tributary of North Creek,Butte,4.6 mi.,48.5637871,-116.1065637
Camp Creek,Tributary of Leadbelt Creek,Butte,1.8 mi.,48.5637871,-116.1065637
Camp Creek,Tributary of Fall Creek,Bonneville,4.7 mi.,48.5637871,-116.1065637
Camp Creek,Tributary of North Fork Bear Creek,Bonneville,1.7 mi.,48.5637871,-116.1065637
Camp Creek,South Fork Drainage,Bonneville,2.4 mi.,48.5637871,-116.1065637
Canyon Creek,Tributary of Jones Creek,Fremont,4.3 mi.,43.1814733,-115.7328133
Canyon Creek,Tributary of Teton River,Madison,20.8 mi.,43.1814733,-115.7328133
Canyon Creek,Tributary of Willow Creek,Bonneville,3 mi.,43.1814733,-115.7328133
Carlin Creek,Tributary of Cottonwood Creek,Lemhi,3 mi.,47.5362248,-116.7050936
Carter Creek,Snake River Drainage,"Bingham, Bonneville",1.7 mi.,48.2264065,-116.2622771
Cascade Creek,Tributary of Boundary Creek,Fremont,6.1 mi.,45.7962403,-116.1322318
Castle Creek,Tributary of West Camas Creek,Clark,2 mi.,43.5625035,-116.3640272
Castle Creek,Tributary of East Fork Big Lost River,Custer,3.5 mi.,43.5625035,-116.3640272
Castle Lake,South Fork Drainage,Teton,1.8 acres,44.0463259,-114.5766755
Cattle Creek,Tributary of Grays Lake Outlet,Bonneville,3.2 mi.,43.6268214,-111.1530486
Cave Gulch,Tributary of Pass Creek,Butte,1.9 mi.,45.9874563,-116.9069867
Cedar Canyon,Lost River Drainage,Butte,3.5 mi.,43.9362297,-112.891586
Cedar Creek,Snake River Drainage,Bingham,6.3 mi.,48.0182385,-116.4463052
Cedar Creek,Tributary of Thousand Springs Creek,Custer,2.5 mi.,48.0182385,-116.4463052
Cedar Gulch,Lost River Drainage,Lemhi,4.3 mi.,44.7759817,-113.4962537
Cedar Hollow,Tributary of Henrys Fork Snake River,Fremont,2.6 mi.,42.8126994,-112.4103236
Champagne Creek,Lost River Drainage,Butte,11.5 mi.,43.5516688,-113.5628826
Chandler Canyon,Mud Lake Drainage,"Clark, Jefferson",18.2 mi.,44.1494587,-112.6495428
Charcoal Creek,Tributary of East Fork Big Lost River,Custer,3.5 mi.,43.5277163,-115.975206
Cherry Creek,Tributary of Antelope Creek,Custer,15.1 mi.,42.0982553,-112.2288523
Chick Creek,Tributary of Buffalo River,Fremont,7.9 mi.,44.4049731,-111.3451762
Chicken Creek,Tributary of Baiya Naokwaide,Custer,3.8 mi.,44.5283887,-115.2324522
Chicken Creek,Tributary of Robbins Creek,Clark,4.4 mi.,44.5283887,-115.2324522
Chicken Creek,Snake River Drainage,Bingham,3.2 mi.,44.5283887,-115.2324522
Chicken Creek,Snake River Drainage,Bonneville,1.5 mi.,44.5283887,-115.2324522
Chicken Creek,Tributary of North Fork Big Lost River,Custer,3.1 mi.,44.5283887,-115.2324522
Ching Creek,Tributary of Spring Creek,Clark,17.6 mi.,44.4598577,-111.865118
City Creek,Tributary of McCoy Creek,Bonneville,2.8 mi.,42.8460421,-112.4559471
Clark Lake,Henry's Fork Drainage,Fremont,5.1 acres,47.600887,-116.7734454
Clay Creek,Tributary of Dairy Creek,Clark,2.6 mi.,43.9345238,-115.8885953
Clear Creek,Tributary of McCoy Creek,Bonneville,7.5 mi.,46.0588933,-115.8785792
Clear Lake,Lost River Drainage,Custer,3.2 acres,43.7724052,-113.9780469
Cliff Canyon,Tributary of Mahogany Canyon,Lemhi,4.6 mi.,42.5004066,-112.927861
Cliff Creek,Lost River Drainage,Custer,7.6 mi.,46.2838203,-115.1715814
Coal Creek,Tributary of Wet Creek,"Butte, Custer",2.5 mi.,47.6302908,-116.1299981
Coal Creek,Tributary of Charcoal Creek,Custer,3.5 mi.,47.6302908,-116.1299981
Cold Creek,Tributary of Medicine Lodge Creek,Clark,3 mi.,46.6685596,-115.9708188
Cold Spring Canyon,Tributary of Dry Fork Creek,Butte,2.9 mi.,42.2713698,-113.0692988
Cold Spring Creek,Tributary of Pine Creek,Fremont,4.4 mi.,44.9971918,-114.7117314
Cole Canyon,Tributary of Poison Gulch,Clark,3.8 mi.,43.4320687,-116.5782761
Comb Creek,Tributary of Fish Creek,Bonneville,2 mi.,45.6704927,-114.9037466
Conant Creek,Tributary of Falls River,Fremont,37.1 mi.,44.006971,-111.1431057
Coon Creek,Tributary of Cottonwood Creek,Clark,1.7 mi.,46.0527191,-115.1804569
Copper Lake,Lost River Drainage,Custer,4.5 acres,46.9418466,-115.2690306
Corral Canyon,Tributary of Horsethief Canyon,Butte,2.4 mi.,43.4529059,-111.0559835
Corral Canyon,Tributary of Chandler Canyon,Clark,5.6 mi.,43.4529059,-111.0559835
Corral Creek,Tributary of East Fork Indian Creek,Clark,5.6 mi.,45.5874602,-116.4329476
Corral Creek,Tributary of Rattlesnake Creek,Clark,7.1 mi.,45.5874602,-116.4329476
Corral Creek,Tributary of Wet Creek,"Butte, Custer",7.7 mi.,45.5874602,-116.4329476
Corral Creek,Tributary of Brockman Creek,Bonneville,4.5 mi.,45.5874602,-116.4329476
Corral Creek,Tributary of Palisades Creek,Bonneville,4.5 mi.,45.5874602,-116.4329476
Corral Creek,Tributary of North Fork Pine Creek,Bonneville,3.1 mi.,45.5874602,-116.4329476
Corral Creek,Tributary of East Fork Big Lost River,Custer,8.5 mi.,45.5874602,-116.4329476
Corral Creek,Tributary of Sage Creek,Custer,3.6 mi.,45.5874602,-116.4329476
Corral Creek,Tributary of North Fork Big Lost River,Custer,2.7 mi.,45.5874602,-116.4329476
Cottonwood Creek,Tributary of Mud Creek,Lemhi,6.9 mi.,45.3463578,-114.8277101
Cottonwood Creek,Snake River Drainage,"Blaine, Butte",2.6 mi.,45.3463578,-114.8277101
Cottonwood Creek,Tributary of Warm Creek,Clark,10.3 mi.,45.3463578,-114.8277101
Cottonwood Creek,Mud Lake Drainage,Clark,22 mi.,45.3463578,-114.8277101
Cow Creek,Tributary of Thunder Gulch,Clark,5.3 mi.,46.5268639,-116.9980791
Coyote Canyon,Tributary of Bear Creek,Custer,1.5 mi.,48.3842346,-116.5917944
Coyote Creek,Tributary of Corral Creek,Custer,5.1 mi.,46.0767921,-115.1094076
Coyote Gulch,Tributary of Henrys Fork Snake River,Fremont,3.5 mi.,42.9618364,-112.4340848
Crab Creek,Tributary of Camas Creek,Clark,11.8 mi.,46.5453961,-114.539459
Crab Creek,Tributary of Crooked Creek,Clark,1.5 mi.,46.5453961,-114.539459
Crane Creek,Tributary of Willow Creek,Bingham,14.9 mi.,44.312245,-116.6837612
Crooked Creek,Tributary of Unnamed Stream,Clark,10.3 mi.,45.480425,-115.6040649
Crooked Creek,Mud Lake Drainage,"Clark, Lemhi",12.4 mi.,45.480425,-115.6040649
Crooked Creek,Tributary of Canyon Creek,"Madison, Teton",9.3 mi.,45.480425,-115.6040649
Crooked Creek,Tributary of Henrys Fork Snake River,Fremont,5.6 mi.,45.480425,-115.6040649
Crow Creek,Tributary of Snake River,Bonneville,2.5 mi.,42.5710951,-111.1565849
Crows Nest Canyon,Tributary of Franklin Gulch,Custer,1.5 mi.,43.6279233,-116.495028
Crystal Lake,South Fork Drainage,-,0.1 acres,47.3769399,-116.3832352
Cub Lake,Henry's Fork Drainage,Fremont,7.1 acres,46.0083531,-114.4986842
Currant Creek,South Fork Drainage,Bonneville,2.6 mi.,43.7311974,-116.2507916
Dairy Creek,Tributary of Beaver Creek,Clark,4.5 mi.,42.4624161,-112.4299736
Dan Creek,Tributary of Hell Creek,Bonneville,4.6 mi.,46.4513734,-114.5007096
Darby Creek,Tributary of Teton River,Teton,16.4 mi.,43.6819282,-111.146437
Darlington Ditch,Lost River Drainage,Custer,12.6 mi.,43.7975663,-113.4579013
Davis Canyon,Lost River Drainage,Lemhi,5.8 mi.,42.104529,-111.4930681
Davis Lake,Henry's Fork Drainage,Fremont,8.8 acres,44.2735689,-111.6557229
Deadman Creek,Tributary of Bear Creek,Bonneville,4 mi.,43.2458032,-111.3155479
Deep Creek,Tributary of Little Lost River,Butte,7.3 mi.,48.6099674,-116.3994947
Deep Creek,Mud Lake Drainage,Clark,19.4 mi.,48.6099674,-116.3994947
Deep Creek,Tributary of Jackknife Creek,Bonneville,6.5 mi.,48.6099674,-116.3994947
Deer Creek,Snake River Drainage,Bonneville,2.9 mi.,43.5970346,-115.92602
Deer Creek,Snake River Drainage,Bingham,3.7 mi.,43.5970346,-115.92602
Deer Creek,Tributary of South Fork Snake River,Bonneville,3.8 mi.,43.5970346,-115.92602
Deer Creek,Tributary of East Fork Big Lost River,Custer,3.6 mi.,43.5970346,-115.92602
Ditch Creek,Tributary of Idaho Creek,Clark,2.3 mi.,45.7692817,-115.3067528
Divide Creek,Tributary of Medicine Lodge Creek,Clark,9.8 mi.,45.8640158,-116.7299771
Divide Creek Lake,Mud Lake Drainage,Clark,3.8 acres,44.4025872,-112.8197023
Dog Creek,Tributary of Falls River,Fremont,2.9 mi.,45.8279067,-116.6805557
Drake Creek,Tributary of Teton River,Teton,3.3 mi.,45.9811539,-115.1374499
Dry Canyon,Tributary of Antelope Creek,Custer,4 mi.,42.1244051,-111.4530959
Dry Canyon,Tributary of South Fork Snake River,Bonneville,3.5 mi.,42.1244051,-111.4530959
Dry Canyon,Tributary of Big Elk Creek,Bonneville,3.8 mi.,42.1244051,-111.4530959
Dry Canyon,South Fork Drainage,Bonneville,3.6 mi.,42.1244051,-111.4530959
Dry Canyon,Tributary of South Fork Snake River,Bonneville,5.9 mi.,42.1244051,-111.4530959
Dry Canyon,Tributary of Moody Creek,Madison,7.8 mi.,42.1244051,-111.4530959
Dry Creek,Tributary of Middle Creek,Clark,6.4 mi.,43.7310409,-116.2893434
Dry Creek,Tributary of Beaver Creek,Clark,3.8 mi.,43.7310409,-116.2893434
Dry Creek,Tributary of Spring Creek,Clark,14 mi.,43.7310409,-116.2893434
Dry Creek,Lost River Drainage,"Butte, Custer",24.9 mi.,43.7310409,-116.2893434
Dry Creek,Tributary of Sheep Creek,Fremont,7.5 mi.,43.7310409,-116.2893434
Dry Creek,Tributary of Conant Creek,Fremont,8.2 mi.,43.7310409,-116.2893434
Dry Creek,South Fork Drainage,Bonneville,3.4 mi.,43.7310409,-116.2893434
Dry Creek,Henry's Fork Drainage,Teton,9.1 mi.,43.7310409,-116.2893434
Dry Creek,Tributary of Bitch Creek,Teton,9.8 mi.,43.7310409,-116.2893434
Dry Fork,Henry's Fork Drainage,Teton,2.2 mi.,42.294893,-111.5533582
Dry Fork,Tributary of Targhee Creek,Fremont,5 mi.,42.294893,-111.5533582
Dry Fork,Tributary of Pine Creek,Fremont,5.7 mi.,42.294893,-111.5533582
Dry Fork Creek,Tributary of Antelope Creek,Butte,21.6 mi.,45.8237172,-116.626019
Dry Gulch,Tributary of South Fork Snake River,Bonneville,2.4 mi.,45.5690273,-116.2873781
Dry Hollow,Tributary of Teton River,Teton,5.5 mi.,42.359365,-111.9394004
Dry Hollow,Tributary of South Fork Snake River,Bonneville,4.2 mi.,42.359365,-111.9394004
Dry Hollow,Tributary of Darlington Ditch,Custer,1.6 mi.,42.359365,-111.9394004
Duck Creek,Tributary of Henrys Fork Snake River,Fremont,6.3 mi.,44.911307,-114.4973053
East Dry Creek,Tributary of Dry Creek,Clark,4.9 mi.,44.3543607,-112.2061703
East Dry Creek,Mud Lake Drainage,Clark,2 mi.,44.3543607,-112.2061703
East Dry Creek,Tributary of East Fork Dry Creek,Clark,1.6 mi.,44.3543607,-112.2061703
East Fork Big Lost River,Tributary of Big Lost River,Custer,27.9 mi.,43.9002093,-114.0126941
East Fork Fall Creek,Tributary of Fall Creek,Bonneville,5.3 mi.,45.3887308,-115.9766166
East Fork Fish Creek,South Fork Drainage,Bonneville,2.7 mi.,43.4563407,-113.7477449
East Fork Indian Creek,Tributary of Indian Creek,Clark,7.8 mi.,44.7950041,-115.0888458
East Fork Palisades Creek,Tributary of Palisades Creek,Bonneville,4.7 mi.,43.4926826,-111.0715849
East Fork Pine Creek,Tributary of Pine Creek,Fremont,2 mi.,47.4694715,-116.2043323
East Side Ditch,Tributary of Big Lost River,Butte,10.2 mi.,43.6496024,-113.333922
East Teton Canal,Tributary of Moody Creek,"Fremont, Madison",8.2 mi.,43.8518852,-111.6774011
Echo Creek,South Fork Drainage,Bonneville,1.8 mi.,43.7100945,-116.3168811
Edie Creek,Tributary of Medicine Lodge Creek,Clark,8.2 mi.,44.3924753,-112.5688812
Edwards Creek,South Fork Drainage,Bonneville,2 mi.,42.1174349,-113.603806
Egin Lakes,Henry's Fork Drainage,Fremont,31.2 acres,43.9656663,-111.8575613
Eightmile Canyon,Tributary of Birch Creek,"Butte, Clark",11 mi.,44.0743467,-112.9214223
Elbow Canyon,Lost River Drainage,Butte,5 mi.,43.5087706,-116.7471844
Elbow Creek,South Fork Drainage,Bonneville,1.9 mi.,46.2059763,-114.6736755
Elk Creek,Tributary of Conant Creek,Fremont,4.1 mi.,46.7022146,-116.2021027
Elk Creek,Tributary of Bear Creek,Bonneville,5.5 mi.,46.7022146,-116.2021027
Elk Creek,Tributary of Buffalo River,Fremont,3.1 mi.,46.7022146,-116.2021027
Elk Creek Reservoir,Tributary of Elk Creek,Fremont,20.4 acres,46.7750686,-116.1696553
Elkhorn Creek,Tributary of Thousand Springs Creek,Custer,3.5 mi.,44.623214,-115.2714423
Fall Creek,Tributary of South Fork Snake River,Bonneville,20.1 mi.,48.5702995,-116.4517553
Fall Creek,Tributary of Wildhorse Creek,Custer,8.2 mi.,48.5702995,-116.4517553
Fish Creek,Tributary of South Moody Creek,Madison,2.7 mi.,45.8616493,-116.0853557
Fish Creek,Tributary of Henrys Fork Snake River,Fremont,2.4 mi.,45.8616493,-116.0853557
Fish Creek,Tributary of Robinson Creek,Fremont,9 mi.,45.8616493,-116.0853557
Fish Creek,Henry's Fork Drainage,Teton,2.3 mi.,45.8616493,-116.0853557
Fish Creek,Tributary of McCoy Creek,Bonneville,5.2 mi.,45.8616493,-116.0853557
Fishpole Lake,Lost River Drainage,Custer,7 acres,43.6422639,-113.8508544
Flat Canyon,Tributary of Warm River,Fremont,4.1 mi.,42.0166356,-111.7277542
Flat Creek,Tributary of Beaver Creek,Clark,1.7 mi.,47.2321322,-116.4912747
Fox Creek,Tributary of East Fork Big Lost River,Custer,4.1 mi.,43.649,-111.1662034
Fox Creek,Henry's Fork Drainage,Teton,17 mi.,43.649,-111.1662034
Frazier Creek,Mud Lake Drainage,Clark,0.8 mi.,44.0922729,-116.0228961
Fritz Creek,Tributary of Medicine Lodge Creek,Clark,3 mi.,44.408778,-112.7523099
Gallagher Canyon,Tributary of Chandler Canyon,Clark,5.4 mi.,44.1536578,-112.7205284
Game Creek,Tributary of Trail Creek,Teton,8.3 mi.,45.4127717,-115.2246646
Garden Creek,Tributary of Granite Creek,Bonneville,6.5 mi.,44.5060631,-114.2354669
Garden Creek,Lost River Drainage,Custer,4.7 mi.,44.5060631,-114.2354669
Garden Creek,Tributary of Big Lost River,Custer,4.7 mi.,44.5060631,-114.2354669
Garfield Creek,Tributary of Sawmill Creek,Lemhi,2.5 mi.,43.0207136,-116.8454068
Gibson Creek,Tributary of Fall Creek,Bonneville,4 mi.,42.8112178,-112.3962231
Goat Lake,Lost River Drainage,Custer,17.7 acres,44.1717164,-115.0197011
Goddard Canyon,Tributary of Birch Creek,Clark,4.8 mi.,42.3766703,-112.7646843
Golden Lake,Tributary of Thurmon Creek,Fremont,4.4 acres,44.3594963,-111.48014
Golden Lake,Lost River Drainage,Custer,1.7 acres,44.3594963,-111.48014
Granite Creek,Tributary of Conant Creek,Fremont,6.8 mi.,48.6612129,-116.9451285
Granite Creek,Tributary of South Fork Snake River,Bonneville,7.1 mi.,48.6612129,-116.9451285
Grasshopper Creek,Tributary of Right Fork Iron Bog Creek,Custer,1.7 mi.,46.8478547,-115.5757354
Grasshopper Creek,Tributary of North Fork Big Lost River,Custer,4.3 mi.,46.8478547,-115.5757354
Great Western Canal,Tributary of New Lavaside Ditch,"Bingham, Bonneville, Jefferson",25.7 mi.,43.5031477,-112.0981487
Green Canyon,Tributary of Porcupine Canyon,Fremont,3.6 mi.,45.8717988,-116.3136179
Green Lake,Lost River Drainage,Custer,4.3 acres,43.7059614,-113.8608144
Grouse Canyon,Tributary of Warm Springs Creek,Clark,6.8 mi.,43.5837187,-116.6098228
Grouse Creek,Mud Lake Drainage,Clark,1.4 mi.,48.4585796,-116.3344002
Grouse Creek,Tributary of Spring Creek,Teton,8.1 mi.,48.4585796,-116.3344002
Grove Creek,Henry's Fork Drainage,Teton,1.8 mi.,43.3200161,-114.1613454
Hale Canyon,Tributary of Henrys Fork Snake River,Fremont,4 mi.,43.4986841,-116.3920355
Hamilton Creek,Lost River Drainage,Custer,4.8 mi.,45.5824553,-114.8903898
Hancock Lake,Mud Lake Drainage,Clark,3.6 acres,44.5315982,-111.8540788
Harold Reservoir,Snake River Drainage,Butte,0.3 acres,43.2968512,-113.2405592
Hatchery Creek,Tributary of Unnamed Stream,Fremont,2.6 mi.,46.1299621,-115.9473643
Hawley Creek,Tributary of Iron Creek,Custer,0.6 mi.,44.6837195,-113.3424565
Heifer Reservoir,Snake River Drainage,Butte,0.3 acres,43.3579616,-113.2661157
Hell Creek,Tributary of Grays Lake Outlet,Bonneville,15 mi.,46.1183352,-114.8767041
Hell Creek,South Fork Drainage,Bonneville,2.4 mi.,46.1183352,-114.8767041
Henrys Lake,Tributary of Henrys Fork Snake River,Fremont,"6,076.9 acres",44.6331158,-111.4018734
Hidden Lake Reservoir,Henry's Fork Drainage,Fremont,0.8 acres,44.2568585,-111.5969047
Hope Creek,Tributary of Henrys Fork Snake River,Fremont,4.7 mi.,43.8184812,-113.9099913
Horse Creek,Tributary of Fall Creek,Bonneville,3.7 mi.,45.4268109,-114.6290091
Horse Creek,Tributary of Long Valley Creek,Bingham,3.7 mi.,45.4268109,-114.6290091
Horse Creek,Henry's Fork Drainage,Teton,3.8 mi.,45.4268109,-114.6290091
Horse Creek,Tributary of Little Lost River,Butte,6.1 mi.,45.4268109,-114.6290091
Horse Creek,Tributary of Divide Creek,Clark,6.3 mi.,45.4268109,-114.6290091
Horse Creek,Tributary of Modoc Creek,Clark,2.2 mi.,45.4268109,-114.6290091
Horse Creek,Tributary of North Fork Big Lost River,Custer,2.2 mi.,45.4268109,-114.6290091
Horseshoe Lake,Henry's Fork Drainage,Fremont,36.1 acres,44.1604045,-111.1037959
Howard Creek,Tributary of Henrys Fork Snake River,Fremont,8.3 mi.,44.6335572,-111.3297998
Howard Creek,Tributary of Sheridan Creek,Clark,4.5 mi.,44.6335572,-111.3297998
Howell Canyon,Lost River Drainage,Custer,2.5 mi.,44.0642259,-113.9670279
Hunter Creek,Tributary of North Fork Big Lost River,Custer,3.2 mi.,43.9560249,-114.3570012
Huntley Canyon,Tributary of Beaver Creek,Clark,4.6 mi.,44.3961707,-112.2287152
Hurst Creek,Tributary of Unnamed Stream,Butte,12.8 mi.,45.5064235,-115.7199094
Icehouse Creek,Tributary of Porcupine Canyon,Fremont,11.8 mi.,44.455712,-111.6058551
Idaho Creek,Tributary of Beaver Creek,Clark,6.4 mi.,40.1328251,-105.0073061
Indian Creek,Tributary of South Fork Snake River,Bonneville,6.1 mi.,44.8178667,-115.1938182
Indian Creek,Tributary of South Fork Snake River,Bonneville,3.7 mi.,44.8178667,-115.1938182
Indian Creek,Tributary of Medicine Lodge Creek,Clark,6.1 mi.,44.8178667,-115.1938182
Indian Lake,Henry's Fork Drainage,Fremont,196.5 acres,44.0676969,-111.0410042
Iron Bog Lake,Lost River Drainage,Custer,6.4 acres,43.6528486,-113.8447052
Iron Creek,Tributary of Sawmill Creek,Custer,3.7 mi.,44.2215884,-114.9602364
Island Park Reservoir,Tributary of Henrys Fork Snake River,Fremont,"7,280.1 acres",44.4171939,-111.4821502
Jackknife Creek,Tributary of Salt River,Bonneville,19.2 mi.,46.6591504,-115.4579052
Jackson Creek,Tributary of Iron Creek,Custer,2.5 mi.,48.8565412,-117.0330084
James Creek,Tributary of Big Lost River,Butte,6.2 mi.,45.3918835,-115.630104
Jim Creek,Tributary of Grays Lake Outlet,"Bingham, Bonneville",5 mi.,48.7409109,-116.5959859
Johns Creek,Henry's Fork Drainage,Teton,3.5 mi.,45.7678283,-115.8889117
Johnson Creek,Snake River Drainage,Bonneville,1.7 mi.,44.9173319,-115.4832469
Johnston Lake,Mud Lake Drainage,Jefferson,8.9 acres,43.9476852,-112.431651
Jug Creek,Mud Lake Drainage,Clark,1.5 mi.,46.9225039,-115.5569088
July Creek,Tributary of Sand Creek,Fremont,3.3 mi.,45.5703932,-115.4727194
June Creek,South Fork Drainage,Bonneville,3.2 mi.,46.8082014,-115.5581392
Kane Creek,Tributary of Summit Creek,Custer,8.7 mi.,43.8679235,-114.1662876
Kane Lake,Lost River Drainage,Custer,11.9 acres,43.7853512,-114.1599552
Kay Creek,Tributary of Cottonwood Creek,Clark,3.1 mi.,45.9978896,-115.7160776
Kelly Canyon,Tributary of Chandler Canyon,Clark,4 mi.,43.6391264,-111.6216508
Kettle Creek,Tributary of Modoc Creek,Clark,3.2 mi.,43.6516682,-116.3620932
Kirk Creek,South Fork Drainage,Bonneville,4.3 mi.,43.6367649,-115.9982952
Kite Canyon,Tributary of Pleasant Valley Creek,Clark,2.6 mi.,43.5909997,-116.6168762
Kyle Canyon,Lost River Drainage,Butte,2.9 mi.,43.5644361,-116.4799106
Lake Creek,Tributary of McCoy Creek,Bonneville,0.9 mi.,45.5588216,-115.6048503
Lake Creek,Tributary of Corral Creek,Clark,2.4 mi.,45.5588216,-115.6048503
Lake Creek,Tributary of Cottonwood Creek,Clark,1.5 mi.,45.5588216,-115.6048503
Lake Creek,Tributary of Cherry Creek,Custer,2.1 mi.,45.5588216,-115.6048503
Lake Creek,Lost River Drainage,Custer,2.9 mi.,45.5588216,-115.6048503
Lake Creek,Tributary of Star Hope Creek,Custer,8.7 mi.,45.5588216,-115.6048503
Lake Marie,Henry's Fork Drainage,Fremont,3.2 acres,44.5702282,-111.4919595
Landslide Creek,South Fork Drainage,Bonneville,3.3 mi.,43.2682308,-111.17529
Lava Creek,Tributary of West Fork Cottonwood Creek,Clark,2.4 mi.,43.6458392,-116.3956564
Lava Creek,Lost River Drainage,Butte,6.5 mi.,43.6458392,-116.3956564
Lava Creek,Tributary of Grays Lake Outlet,"Bingham, Bonneville",5.3 mi.,43.6458392,-116.3956564
Lava Lake,Snake River Drainage,Blaine,52.1 acres,43.3839641,-113.7186143
Left Fork Creek,Tributary of Dairy Creek,Clark,3.6 mi.,45.8237172,-116.626019
Left Fork Fall Creek,Tributary of Fall Creek,Custer,5 mi.,45.8336498,-115.703337
Lemon Lake,Tributary of Sand Creek,Fremont,39.7 acres,44.0640799,-111.560792
Lily Pond,Henry's Fork Drainage,Fremont,6.2 acres,44.1101027,-115.9834935
Lime Creek,Lost River Drainage,"Butte, Custer",1.3 mi.,48.6350113,-116.0587642
Limekiln Canyon,Tributary of East Side Ditch,Butte,3.4 mi.,43.605,-116.576
Lion Creek,Lost River Drainage,Custer,0.8 mi.,48.7566592,-116.7340758
Little Cottonwood Creek,Lost River Drainage,Butte,2.1 mi.,44.9260827,-115.0566992
Little Creek,Tributary of Ching Creek,Clark,4.1 mi.,45.8356916,-114.7623852
Little Elk Creek,Tributary of South Fork Snake River,Bonneville,5.3 mi.,45.8936411,-115.4750799
Little Fall Creek,Tributary of Summit Creek,Custer,3.8 mi.,43.8534284,-114.2568662
Little Lost River,Lost River Drainage,Butte,48.7 mi.,44.0569311,-113.2204581
Little Pine Creek,Tributary of Warm Creek,Teton,4.4 mi.,47.5311866,-116.2351822
Little Pine Creek,Tributary of Antelope Creek,Bonneville,4.6 mi.,47.5311866,-116.2351822
Little Robinson Creek,Tributary of Robinson Creek,Fremont,8.4 mi.,44.1905512,-111.0811462
Little Sand Creek,Snake River Drainage,"Bingham, Bonneville",8.4 mi.,43.451005,-111.9923389
Little Sheep Creek,South Fork Drainage,Bonneville,2.3 mi.,44.5197276,-112.7050782
Lone Cedar Creek,Tributary of Big Lost River,Custer,5.7 mi.,44.0287494,-113.7630827
Lone Pine Creek,Tributary of Right Fork Bear Creek,Custer,2.5 mi.,46.0832263,-115.0042192
Long Canyon,Tributary of Bare Canyon,Clark,3.7 mi.,45.9942608,-116.6085435
Long Creek,Tributary of Beaver Creek,Clark,5.8 mi.,46.907828,-115.0428923
Long Gulch,Tributary of South Fork Snake River,Bonneville,4.1 mi.,45.6231955,-116.2692465
Long Lake,Lost River Drainage,Custer,13.9 acres,46.3455654,-115.1507348
Long Lost Creek,Tributary of Dry Creek,Custer,10.2 mi.,44.0765403,-113.5588582
Lost Spring Creek,South Fork Drainage,Bonneville,1.5 mi.,44.8446031,-114.4645359
Lower Arcadia Reservoir,Tributary of Sand Creek,Fremont,71.6 acres,44.1349134,-111.5891264
Lower Cedar Creek,Tributary of Sharp Ditch,Custer,8.3 mi.,43.9740398,-113.5734774
Lower Goose Lake,Henry's Fork Drainage,Fremont,4.8 acres,44.0954678,-111.1239875
Lower Palisades Lake,Tributary of Palisades Creek,Bonneville,13.1 acres,43.427144,-111.1578645
Lyons Creek,Tributary of South Fork Snake River,Madison,12.7 mi.,43.7130982,-111.6726823
Mackay Reservoir,Tributary of Big Lost River,Custer,"1,139.3 acres",43.9593282,-113.6966172
Mahogany Canyon,Tributary of Birch Creek,Lemhi,5.5 mi.,43.6140716,-116.4886333
Mammoth Canyon,Lost River Drainage,Lemhi,3.6 mi.,47.519374,-115.8490497
Market Lake,Snake River Drainage,Jefferson,522 acres,43.7724859,-112.1337124
Massacre Creek,Tributary of Baiya Naokwaide,Custer,3.2 mi.,44.1006525,-113.4965151
McCoy Creek,Tributary of South Fork Snake River,Bonneville,17.6 mi.,43.1840748,-111.1005408
McNeel Creek,South Fork Drainage,Bonneville,2 mi.,43.1224003,-111.063384
McRenolds Reservoir,Tributary of Dry Creek,Teton,4.2 acres,43.9641593,-111.0608299
Meadow Creek,Tributary of Miners Creek,Clark,2.4 mi.,43.566831,-116.6065823
Meadow Creek,Lost River Drainage,Lemhi,6.5 mi.,43.566831,-116.6065823
Meadow Creek,Tributary of Henrys Fork Snake River,Fremont,2.8 mi.,43.566831,-116.6065823
Meadow Creek,Tributary of Reas Pass Creek,Fremont,1.6 mi.,43.566831,-116.6065823
Meadow Creek,Tributary of Willow Creek,Bonneville,12 mi.,43.566831,-116.6065823
Medicine Lodge Creek,Mud Lake Drainage,Clark,42.7 mi.,44.1626959,-112.4693035
Middle Canyon,Tributary of Warm Spring Creek,Butte,6.7 mi.,43.8932818,-112.9600936
Middle Creek,Tributary of Medicine Lodge Creek,Clark,15.7 mi.,43.5651697,-116.5976404
Middle Creek,Tributary of Cottonwood Creek,Lemhi,2 mi.,43.5651697,-116.5976404
Middle Creek,Snake River Drainage,Bingham,3.1 mi.,43.5651697,-116.5976404
Mikesell Reservoir #2,Tributary of Spring Creek,Fremont,14.9 acres,44.1305238,-111.5818007
Milk Creek,Tributary of Teton River,Teton,15.6 mi.,46.8786001,-115.7267675
Mill Creek,Tributary of Henrys Fork Snake River,Fremont,3 mi.,42.308897,-111.4465642
Mill Creek,Tributary of Willow Creek,Bingham,6.6 mi.,42.308897,-111.4465642
Mill Creek,South Fork Drainage,Bonneville,1.4 mi.,42.308897,-111.4465642
Mill Creek,Tributary of Sawmill Creek,Lemhi,2.8 mi.,42.308897,-111.4465642
Mill Creek,Tributary of Pass Creek,Custer,2.2 mi.,42.308897,-111.4465642
Mill Creek Lake,Tributary of Unnamed Stream,Lemhi,15.8 acres,44.391892,-113.3431047
Miller Creek,Tributary of Salt River,Bonneville,4.7 mi.,45.8896972,-116.7231031
Miners Creek,Tributary of Beaver Creek,Clark,6.2 mi.,47.5281624,-116.0478271
Monument Creek,South Fork Drainage,Bonneville,2.9 mi.,46.1682683,-114.735743
Moody Creek,Tributary of South Teton River,Madison,20.4 mi.,43.8472212,-111.6630877
Moonshine Creek,Tributary of Main Fork Sawmill Creek,Lemhi,1.7 mi.,44.5431237,-115.4161306
Moose Creek,Tributary of Spring Creek,Clark,11.2 mi.,46.1391442,-114.9142006
Moose Creek,Tributary of Warm River,Fremont,8.2 mi.,46.1391442,-114.9142006
Moose Creek,Tributary of Henrys Fork Snake River,Fremont,13.1 mi.,46.1391442,-114.9142006
Moose Creek,Tributary of Trail Creek,Teton,11 mi.,46.1391442,-114.9142006
Moose Lake #1,Tributary of Right Fork Fall Creek,Custer,8 acres,46.6148542,-114.3519357
Moose Lake #2,Tributary of Right Fork Fall Creek,Custer,3.9 acres,46.6148542,-114.3519357
Mud Creek,Lost River Drainage,Lemhi,12.4 mi.,44.9476566,-116.3047274
Mud Creek,Tributary of Birch Creek,Lemhi,9.1 mi.,44.9476566,-116.3047274
Mud Creek,Snake River Drainage,Bingham,1.1 mi.,44.9476566,-116.3047274
Mud Creek,Tributary of Willow Creek,"Bingham, Bonneville",6.9 mi.,44.9476566,-116.3047274
Mud Creek,Tributary of East Fork Dry Creek,Clark,2.9 mi.,44.9476566,-116.3047274
Mud Creek,Tributary of South Fork Snake River,"Bonneville, Madison",2.8 mi.,44.9476566,-116.3047274
Mud Lake,Lost River Drainage,Custer,2.3 mi.,43.8419315,-112.4788416
Mud Lake,Lost River Drainage,Butte,6.2 acres,43.8419315,-112.4788416
Mud Lake,Mud Lake Drainage,Jefferson,"3,094.9 acres",43.8419315,-112.4788416
Mud Lake Canyon,Tributary of Pass Creek,Butte,4.7 mi.,43.9751744,-113.4156028
Muddy Creek,South Fork Drainage,Bonneville,2.8 mi.,43.2585077,-111.2550547
Muddy Reservoir,Lost River Drainage,Butte,2.4 acres,43.3668507,-113.2161142
Muldoon Creek,Tributary of Star Hope Creek,Custer,10.4 mi.,43.5773947,-113.8929314
Myers Creek,Tributary of Schneider Creek,Fremont,6.7 mi.,45.5930601,-115.2372823
Myers Creek,Tributary of Crooked Creek,Clark,6.4 mi.,45.5930601,-115.2372823
Navarre Creek,Tributary of Warm Springs Creek,Custer,2.6 mi.,43.9260625,-113.7407815
Nelson Creek,Tributary of Antelope Creek,Bonneville,2.1 mi.,45.8398032,-115.9709013
New Lavaside Ditch,Tributary of Snake River,Bingham,6.9 mi.,43.2513531,-112.3337668
Newman Creek,Tributary of Blain Canal,Butte,8 mi.,43.763672,-114.570319
Nichols Reservoir,Lost River Drainage,Butte,34.3 acres,43.5808677,-113.4724517
Nolan Lake,Tributary of Wet Creek,Custer,0.5 acres,44.0221327,-113.5377931
North Badger Creek,Tributary of Badger Creek,Teton,7.9 mi.,43.8683087,-111.1704117
North Creek,Tributary of Big Spring Creek,"Butte, Clark",11.2 mi.,48.5880308,-116.0745816
North Fork Bear Creek,Tributary of Bear Creek,Bonneville,6.9 mi.,43.3128582,-111.3331122
North Fork Big Lost River,Tributary of Big Lost River,Custer,24.6 mi.,43.8967109,-114.1639621
North Fork Cabin Fork,Tributary of Cabin Fork,Butte,6.7 mi.,45.1935621,-114.9206959
North Fork Deer Creek,Tributary of Deer Creek,Butte,3.2 mi.,43.5591179,-114.5185866
North Fork Fish Creek,Tributary of Fish Creek,Fremont,12.3 mi.,46.9607523,-114.8696488
North Fork Indian Creek,South Fork Drainage,Bonneville,7.8 mi.,43.280947,-111.0095156
North Fork Lake,Tributary of North Fork Big Lost River,Custer,7.5 acres,44.9562116,-115.9474921
North Fork Palisades Creek,Tributary of Palisades Creek,Bonneville,4.3 mi.,43.4748207,-111.1023836
North Fork Pine Creek,Tributary of Pine Creek,"Bonneville, Teton",8.9 mi.,43.7798225,-116.0581494
North Fork Weda’a Naokwaide,Tributary of Weda’a Naokwaide,Lemhi,3.5 mi.,44.3808577,-113.3293146
North Fork Willow Creek,Tributary of Snake River,Bonneville,7.1 mi.,43.5227556,-112.041324
North Leigh Creek,Tributary of Spring Creek,Teton,17.7 mi.,43.851645,-110.9690229
Paawahan’toi’I Naokwaide,Tributary of South Fork Snake River,Bonneville,5.5 mi.,43.398213,-111.3628802
Packsaddle Lake,Tributary of North Fork Packsaddle Creek,Teton,5 acres,43.7702406,-111.3402929
Paddy Lake,Henry's Fork Drainage,Fremont,3.7 acres,44.0565128,-111.1241974
Paint Canyon,Lost River Drainage,Lemhi,3.3 mi.,43.5020805,-116.5191545
Palisades Creek,Tributary of South Fork Snake River,Bonneville,11.8 mi.,43.4167857,-111.1658774
Palisades Reservoir,Tributary of South Fork Snake River,Bonneville,"15,949.1 acres",43.234735,-111.1145965
Papoose Creek,Tributary of South Fork Snake River,Bonneville,4.3 mi.,46.5239274,-114.7618425
Parson Reservoir,Lost River Drainage,Butte,0.4 acres,43.4476837,-113.1711131
Partridge Creek,Tributary of Warm River,Fremont,9.2 mi.,45.3738773,-116.1446286
Pass Creek,Tributary of Burnett Ditch,"Butte, Custer",10.7 mi.,44.1542632,-112.9587506
Pass Creek,Tributary of Birch Creek,Clark,5.5 mi.,44.1542632,-112.9587506
Pass Creek,Tributary of West Camas Creek,Clark,2.1 mi.,44.1542632,-112.9587506
Pass Creek Lake,Lost River Drainage,Butte,4.2 acres,44.0764109,-113.017965
Patterson Creek,Tributary of Teton River,Teton,5 mi.,44.5296596,-113.6951945
Pete Creek,Tributary of Big Lost River,Custer,6 mi.,45.2812818,-115.9544395
Pete Creek,Tributary of West Camas Creek,Clark,5.7 mi.,45.2812818,-115.9544395
Peterson Canyon,Tributary of Deadman Canyon,Clark,4.1 mi.,44.0761155,-112.7872833
Peterson Creek,Tributary of Tex Creek,Bonneville,2.8 mi.,45.6000106,-115.79245
Phi Kappa Creek,Tributary of Summit Creek,Custer,3 mi.,43.8438761,-114.2053136
Picnic Creek,Snake River Drainage,Bonneville,1.4 mi.,43.7839174,-114.5492046
Pierce Canyon,Tributary of Timber Canyon,"Clark, Lemhi",5 mi.,44.2265526,-112.8718482
Pine Creek,Tributary of Basin Creek,Butte,3.2 mi.,47.5224726,-116.2429873
Pine Creek,Tributary of Leadbelt Creek,Butte,1.9 mi.,47.5224726,-116.2429873
Pine Creek,Tributary of Sand Creek,Fremont,9.8 mi.,47.5224726,-116.2429873
Pine Creek,Tributary of South Fork Snake River,Bonneville,14.3 mi.,47.5224726,-116.2429873
Pine Creek,Henry's Fork Drainage,Fremont,2.2 mi.,47.5224726,-116.2429873
Pine Creek,Tributary of Elk Creek,Bonneville,1.9 mi.,47.5224726,-116.2429873
Pinto Creek,Tributary of Big Lost River,Custer,7.3 mi.,45.4108493,-114.7469819
Pipe Creek,Tributary of Tex Creek,Bonneville,3.4 mi.,46.2257746,-114.9180255
Pleasant Valley Creek,Tributary of Beaver Creek,Clark,9 mi.,42.5755156,-116.8698797
Poison Creek,Mud Lake Drainage,Clark,3.5 mi.,43.2873847,-111.2728677
Poison Creek,Tributary of Cherry Creek,Custer,1.7 mi.,43.2873847,-111.2728677
Poison Creek,South Fork Drainage,Bonneville,2.1 mi.,43.2873847,-111.2728677
Poison Creek,South Fork Drainage,Bonneville,1.1 mi.,43.2873847,-111.2728677
Poison Gulch,Tributary of Champagne Creek,Butte,2.1 mi.,43.5752221,-114.5471833
Poison Gulch,Tributary of Cold Creek,Clark,2.3 mi.,43.5752221,-114.5471833
Pole Canyon,Henry's Fork Drainage,Teton,3.5 mi.,42.3584543,-111.515265
Pole Creek,Tributary of Clear Creek,Bonneville,3.8 mi.,45.3196138,-115.1605839
Pole Creek,Tributary of East Fork Big Lost River,Custer,2.5 mi.,45.3196138,-115.1605839
Pony Creek,Tributary of Canyon Creek,"Madison, Teton",6.4 mi.,43.8078462,-111.3928585
Porcupine Creek,South Fork Drainage,Bonneville,2.3 mi.,45.7130221,-115.0882132
Porcupine Creek,Henry's Fork Drainage,Teton,0.8 mi.,45.7130221,-115.0882132
Porcupine Creek,Tributary of Rock Creek,Fremont,10.2 mi.,45.7130221,-115.0882132
Porcupine Lake,Henry's Fork Drainage,Fremont,6.8 acres,48.2420118,-116.1846363
Quaking Aspen Reservoir,Lost River Drainage,Butte,0.4 acres,43.4060173,-113.1905579
Quayles Lake,Henry's Fork Drainage,"Fremont, Madison",148.9 acres,43.9269291,-111.8568948
Rainey Creek,Tributary of South Fork Snake River,Bonneville,13.4 mi.,45.598473,-115.1890702
Ramey Creek,Tributary of Star Hope Creek,Custer,4.5 mi.,45.1859553,-115.1346296
Rattlesnake Creek,Tributary of Henrys Fork Snake River,Fremont,8 mi.,43.1714623,-115.6228992
Rattlesnake Creek,Tributary of Beaver Creek,Clark,4.3 mi.,43.1714623,-115.6228992
Raymond Creek,South Fork Drainage,Bonneville,1.3 mi.,48.5241375,-116.0871557
Rays Lake,Tributary of Camas Creek,Jefferson,192.9 acres,43.9076863,-112.2744249
Reed Creek,Snake River Drainage,Bingham,3.4 mi.,45.8185347,-115.7040684
Richardson Canyon,Tributary of Cherry Creek,Custer,3 mi.,43.459314,-116.643072
Right Creek,Snake River Drainage,Bonneville,1.1 mi.,45.8453011,-115.6978233
Right Fork Fall Creek,Tributary of Fall Creek,Custer,3.1 mi.,45.8453011,-115.6978233
Ririe Reservoir,Tributary of Willow Creek,Bonneville,"1,414.5 acres",43.5195994,-111.7221254
Rising Creek,Tributary of Porcupine Creek,Fremont,1.4 mi.,42.919326,-116.7773483
Robbins Creek,Tributary of Beaver Creek,Clark,2.9 mi.,45.4505872,-116.0324718
Robinson Creek,Tributary of Warm River,Fremont,26 mi.,44.5819125,-117.0219972
Robinson Lake,Henry's Fork Drainage,Fremont,33.8 acres,48.9699367,-116.213107
Rock Creek,Tributary of Robinson Creek,Fremont,13.7 mi.,42.5483638,-114.4691624
Rock Creek,Tributary of Willow Creek,"Bingham, Bonneville",5.3 mi.,42.5483638,-114.4691624
Rock Creek,Tributary of Duck Creek,Fremont,5.3 mi.,42.5483638,-114.4691624
Rock Creek,Tributary of Birch Creek,"Butte, Lemhi",10.4 mi.,42.5483638,-114.4691624
Rock Creek,Tributary of Patelzick Creek,Clark,4.2 mi.,42.5483638,-114.4691624
Rock Creek,Tributary of Thousand Springs Creek,Custer,7.4 mi.,42.5483638,-114.4691624
Rock Creek,Tributary of Unnamed Stream,Custer,7.8 mi.,42.5483638,-114.4691624
Rocky Canyon,Tributary of Chandler Canyon,Clark,3.7 mi.,45.9432607,-116.3384759
Rocky Canyon,Tributary of Pass Creek,Butte,4.2 mi.,45.9432607,-116.3384759
Rocky Canyon,Tributary of Blain Canal,Butte,4.7 mi.,45.9432607,-116.3384759
Rocky Lake,Lost River Drainage,Butte,0.9 acres,44.486226,-115.1353105
Rough Lake,Lost River Drainage,Custer,10.1 acres,44.1845429,-114.8011489
Round Lake,Lost River Drainage,Custer,6 acres,47.3743375,-116.7427502
Ruby Creek,Henry's Fork Drainage,Madison,2.1 mi.,48.4826516,-116.0527462
Russell Creek,South Fork Drainage,Bonneville,3.3 mi.,43.3222582,-111.2601957
Sage Creek,Tributary of Thousand Springs Creek,Custer,11.8 mi.,44.4595408,-116.7631071
Sagebrush Spring Reservoir,Henry's Fork Drainage,Fremont,0.7 acres,44.3030313,-111.5999256
Salamander Creek,Tributary of Cottonwood Creek,Clark,2 mi.,45.6710526,-114.875933
Salt Creek,Mud Lake Drainage,Clark,1.5 mi.,44.9696478,-115.3284008
Salt River,Tributary of South Fork Snake River,Bonneville,83.3 mi.,42.8008981,-110.9711134
Sand Creek,Tributary of Henrys Fork Snake River,Fremont,18.9 mi.,48.2856877,-116.5518453
Sand Creek,Tributary of Eastern Idaho Slough,"Bingham, Bonneville",35.3 mi.,48.2856877,-116.5518453
Sandhole Lake,Mud Lake Drainage,Jefferson,142.1 acres,43.9262801,-112.2397357
Sands Canyon,Tributary of Unnamed Stream,Butte,6.3 mi.,43.5495102,-116.5977844
Sands Creek,Tributary of Big Creek,Custer,3.3 mi.,45.3322772,-116.1366346
Saw Creek,Tributary of East Camas Creek,Clark,8.4 mi.,45.5331318,-116.4801019
Sawmill Canyon,Tributary of Birch Creek,"Butte, Clark",7.1 mi.,44.2743695,-113.3639396
Sawmill Canyon,Tributary of Dry Fork Creek,Butte,4.1 mi.,44.2743695,-113.3639396
Sawmill Canyon,Tributary of Price Canyon,Butte,2 mi.,44.2743695,-113.3639396
Sawmill Canyon,Tributary of Alder Creek,Custer,3 mi.,44.2743695,-113.3639396
Sawmill Creek,Tributary of Little Lost River,"Butte, Custer, Lemhi",18.7 mi.,43.241093,-111.4842546
Sawmill Creek,Tributary of Brockman Creek,Bonneville,3.5 mi.,43.241093,-111.4842546
Sawmill Creek,South Fork Drainage,Bonneville,1.1 mi.,43.241093,-111.4842546
Schoolhouse Canyon,Tributary of Cherry Creek,Custer,3.1 mi.,47.5724385,-116.4140695
Scott Canyon,Tributary of Birch Creek,Lemhi,8.9 mi.,44.3283076,-112.9535209
Scotts Slough,Tributary of Snake River,Jefferson,7.3 mi.,43.73404,-111.9337471
Sharp Ditch,Lost River Drainage,Custer,5.6 mi.,43.922714,-113.6166751
Sheep Canyon,Tributary of Darlington Ditch,Custer,4.3 mi.,43.5257744,-116.5323296
Sheep Creek,Tributary of Beaver Creek,Clark,4.3 mi.,45.5128055,-115.8140166
Sheep Creek,Tributary of South Fork Snake River,Bonneville,5.4 mi.,45.5128055,-115.8140166
Sheep Creek,Snake River Drainage,Bingham,3.4 mi.,45.5128055,-115.8140166
Sheep Creek,Tributary of North Moody Creek,Madison,4.2 mi.,45.5128055,-115.8140166
Sheep Creek,Tributary of Hotel Creek,Fremont,6.4 mi.,45.5128055,-115.8140166
Sheep Creek Reservoir,Tributary of Sheep Creek,Fremont,20.1 acres,42.242725,-111.141626
Sheridan Creek,Tributary of Porcupine Canyon,"Clark, Fremont",28.3 mi.,44.4263997,-111.6653785
Shirley Creek,Tributary of Brockman Creek,Bonneville,5.8 mi.,42.3709539,-113.1456348
Shurtliff Canyon,Tributary of Rainey Creek,Bonneville,4.1 mi.,43.6078624,-116.6792635
Siddoway Fork,Tributary of Big Elk Creek,Bonneville,5 mi.,43.4070726,-111.0282669
Silver Lake,Tributary of Thurmon Creek,Fremont,164.8 acres,43.6501907,-116.2551365
Skull Canyon,Tributary of Birch Creek,Clark,5.2 mi.,44.1720643,-112.8933356
Slide Creek,Tributary of Timber Creek,Custer,2.1 mi.,46.1104913,-115.4466761
Small Creek,South Fork Drainage,Bonneville,1.7 mi.,43.5817292,-116.2885129
Smeed Canyon,Tributary of Porcupine Canyon,Fremont,4.1 mi.,43.6508066,-116.6412664
Smelter Gulch,Tributary of Willow Creek,Lemhi,6.2 mi.,44.3731881,-112.9997252
Smiley Creek,Tributary of Right Fork Iron Bog Creek,Custer,3.6 mi.,43.9083546,-114.8002875
Snaky Canyon,Mud Lake Drainage,"Clark, Jefferson",7.9 mi.,44.1086102,-112.6558679
Snow Creek,Henry's Fork Drainage,Fremont,13.8 mi.,48.6857617,-116.5059543
Snow Creek,Tributary of Robinson Creek,Fremont,15.6 mi.,48.6857617,-116.5059543
Sorensen Creek,Henry's Fork Drainage,Teton,2.3 mi.,43.6564332,-111.0559747
South Badger Creek,Tributary of Badger Creek,Teton,14 mi.,43.8647738,-110.992555
South Creek,Lost River Drainage,Butte,8.6 mi.,42.0768209,-113.7115431
South Fork Bear Creek,Tributary of Bear Creek,Bonneville,5.2 mi.,43.2185593,-111.3807942
South Fork Canyon Creek,Tributary of Canyon Creek,"Madison, Teton",6.7 mi.,46.2214992,-115.5928311
South Fork Fall Creek,Tributary of Fall Creek,Bonneville,6.6 mi.,44.4503159,-115.1659204
South Fork Indian Creek,Tributary of Indian Creek,Bonneville,10.1 mi.,43.2507157,-111.0499771
South Fork Willow Creek,Tributary of Snake River,Bonneville,6 mi.,43.5085933,-112.0313305
South Jump Creek,Lost River Drainage,Lemhi,4.7 mi.,43.4639109,-116.9095841
South Leigh Creek,Tributary of Teton River,Teton,22.7 mi.,43.7977438,-111.1615449
South Teton River,Tributary of Henrys Fork Snake River,"Fremont, Madison",22.8 mi.,43.8354266,-111.7826017
South Twin Creek,Henry's Fork Drainage,Teton,2.2 mi.,43.6907589,-111.2083152
Split Creek,Tributary of Warm River,Fremont,5.1 mi.,46.2084452,-115.3662897
Spring Creek,Tributary of Camas Creek,Clark,17.9 mi.,43.7253761,-111.9934294
Spring Creek,Mud Lake Drainage,Clark,1.7 mi.,43.7253761,-111.9934294
Spring Creek,Tributary of Unnamed Stream,Clark,5.6 mi.,43.7253761,-111.9934294
Spring Creek,Tributary of Snake River,Jefferson,9.9 mi.,43.7253761,-111.9934294
Spring Creek,Tributary of Big Lost River,Custer,3 mi.,43.7253761,-111.9934294
Spring Creek,Lost River Drainage,Butte,1.6 mi.,43.7253761,-111.9934294
Spring Creek,Tributary of Big Lost River,Butte,19.9 mi.,43.7253761,-111.9934294
Spring Creek,Tributary of Rock Creek,Fremont,1.4 mi.,43.7253761,-111.9934294
Spring Creek,Tributary of Teton River,Teton,11 mi.,43.7253761,-111.9934294
Spring Creek,South Fork Drainage,Bonneville,1.9 mi.,43.7253761,-111.9934294
Spring Creek,Tributary of Teton Creek,Teton,10 mi.,43.7253761,-111.9934294
Spring Creek,Henry's Fork Drainage,Fremont,12.7 mi.,43.7253761,-111.9934294
Spring Creek,South Fork Drainage,Bonneville,3 mi.,43.7253761,-111.9934294
Spring Creek,Snake River Drainage,Bonneville,1.6 mi.,43.7253761,-111.9934294
Spring Creek,Snake River Drainage,Bingham,3.8 mi.,43.7253761,-111.9934294
Spring Creek,Tributary of Canyon Creek,Madison,7.3 mi.,43.7253761,-111.9934294
Spring Creek,Tributary of McCoy Creek,Bonneville,4 mi.,43.7253761,-111.9934294
Spruce Creek,Mud Lake Drainage,Clark,2.8 mi.,46.6143919,-114.4456745
Squirrel Creek,Tributary of Conant Creek,Fremont,22.6 mi.,46.0125956,-115.2631906
Station Creek,South Fork Drainage,Bonneville,0.9 mi.,45.3555832,-115.4965712
Steele Lake,Henry's Fork Drainage,Fremont,16.1 acres,44.1122814,-111.0488429
Steep Creek,Henry's Fork Drainage,Teton,4 mi.,45.5541133,-115.0160495
Stewart Canyon,Tributary of Alder Creek,Custer,2.3 mi.,42.6985655,-111.2539941
Stoddard Creek,Tributary of Beaver Creek,Clark,4 mi.,45.2423058,-114.7169469
Strawberry Creek,Snake River Drainage,Bingham,3.2 mi.,48.4643857,-116.2627673
Strong Creek,Tributary of Henrys Fork Snake River,Fremont,4.6 mi.,48.253878,-116.28615
Stump Creek,Mud Lake Drainage,Clark,2.3 mi.,42.8125426,-111.0899558
Summerhouse Canyon,Tributary of Summit Creek,Custer,5.3 mi.,44.2950696,-113.4710181
Summit Creek,Tributary of Little Lost River,"Butte, Custer",17.5 mi.,45.208127,-115.9447838
Summit Creek,Tributary of North Fork Big Lost River,Custer,11.9 mi.,45.208127,-115.9447838
Summit Reservoir,Lost River Drainage,Custer,97 acres,44.3089866,-113.5159155
Sutton Canyon,Tributary of Unnamed Stream,Butte,3.6 mi.,43.6278048,-116.6499732
Swan Lake,Henry's Fork Drainage,Fremont,15.6 acres,47.3284752,-116.5529693
Table Rock Canyon,Tributary of South Fork Snake River,"Bonneville, Madison",4 mi.,43.5731245,-116.6690403
Targhee Creek,Tributary of Henrys Fork Snake River,Fremont,13.9 mi.,44.6628783,-111.3177906
Taylor Creek,Snake River Drainage,"Bingham, Bonneville",8.6 mi.,43.3846772,-111.9521639
Taylor Creek,Tributary of Sheridan Creek,Clark,8.5 mi.,43.3846772,-111.9521639
Taylor Creek,Tributary of Iowa Creek,Bonneville,2.4 mi.,43.3846772,-111.9521639
Telephone Creek,Tributary of Dairy Creek,Clark,3 mi.,45.8718432,-115.4134227
Tepee Creek,Tributary of Swanner Creek,Teton,7.3 mi.,47.8820472,-116.1728422
Teton Canal,Tributary of Moody Creek,"Fremont, Madison",6.5 mi.,43.8974928,-111.6559255
Teton Creek,Tributary of Teton River,Teton,18.6 mi.,43.6978408,-111.1457024
Teton River,Tributary of Henrys Fork Snake River,"Fremont, Madison, Teton",81.5 mi.,43.910751,-111.4245507
Thirsty Creek,Henry's Fork Drainage,Fremont,1.1 mi.,45.4681134,-114.9411151
Thirsty Creek,Tributary of Big Springs,Fremont,25 mi.,45.4681134,-114.9411151
Thompson Hole,Henry's Fork Drainage,Fremont,22 acres,44.0909891,-111.064189
Thousand Springs Creek,Tributary of Big Lost River,Custer,13.3 mi.,44.0645324,-113.8374866
Threemile Creek,Tributary of Rattlesnake Creek,Clark,5.2 mi.,43.5794425,-116.2831839
Threemile Reservoir,Tributary of Threemile Creek,Clark,3.4 acres,44.3732454,-112.1266537
Thunder Gulch,Mud Lake Drainage,Clark,6.8 mi.,44.2804564,-112.3671047
Thurmon Creek,Tributary of Henrys Fork Snake River,Fremont,4.1 mi.,44.344023,-111.4825955
Timber Canyon,Tributary of Birch Creek,"Clark, Lemhi",8.7 mi.,44.2005401,-112.8595515
Timber Creek,Tributary of Sawmill Creek,"Custer, Lemhi",5.4 mi.,43.6794079,-116.3002582
Timber Creek,Tributary of Henrys Fork Snake River,Fremont,7.3 mi.,43.6794079,-116.3002582
Timber Creek,Tributary of Antelope Creek,Custer,3.6 mi.,43.6794079,-116.3002582
Tin Cup Creek,Tributary of Willow Creek,Fremont,2.9 mi.,44.5983215,-114.8122323
Tin Cup Lake,Lost River Drainage,-,0.2 acres,44.1227431,-114.6095091
Tom Creek,Tributary of Sheep Creek,Fremont,2.4 mi.,45.8932393,-114.987184
Toms Creek,Tributary of Buffalo River,Fremont,5 mi.,42.8340976,-111.0563263
Trail Creek,Tributary of Antelope Creek,"Butte, Custer",4.2 mi.,48.5653017,-116.3743544
Trail Creek,South Fork Drainage,Bonneville,1.2 mi.,48.5653017,-116.3743544
Trail Creek,Snake River Drainage,Bonneville,1.7 mi.,48.5653017,-116.3743544
Trail Creek,Tributary of Jackknife Creek,Bonneville,5.1 mi.,48.5653017,-116.3743544
Trail Creek,Tributary of Teton River,Teton,19.7 mi.,48.5653017,-116.3743544
Trail Creek,Tributary of Antelope Creek,Butte,4.2 mi.,48.5653017,-116.3743544
Trail Creek,Tributary of Alder Creek,Custer,3.7 mi.,48.5653017,-116.3743544
Trail Creek,Tributary of Cottonwood Creek,Clark,2.9 mi.,48.5653017,-116.3743544
Trout Creek,Tributary of South Fork Snake River,Bonneville,4.9 mi.,48.8339298,-116.4070536
Tsa Painkwi Naokwaide,South Fork Drainage,Bonneville,2.3 mi.,43.0771113,-111.1674005
Tule Lake,Henry's Fork Drainage,Fremont,13 acres,44.0710508,-111.1309163
Tupateheya Naokwaide,Tributary of Jackknife Creek,Bonneville,6.5 mi.,43.0793827,-111.1449849
Twin Bridges Creek,Tributary of Big Lost River,Custer,9.3 mi.,43.9437074,-114.1099869
Twin Creek,Tributary of Henrys Fork Snake River,Fremont,5.9 mi.,45.2621207,-114.7183025
Twin Creek,Tributary of Sheridan Creek,Clark,2.1 mi.,45.2621207,-114.7183025
Twin Lakes,Lost River Drainage,Butte,2.1 acres,47.875063,-116.8612795
Twin Lakes,Lost River Drainage,Butte,0.7 acres,47.875063,-116.8612795
Tyler Canyon,Tributary of Birch Creek,Clark,9.5 mi.,43.5500717,-116.5870838
Upper Arcadia Reservoir,Tributary of Sand Creek,Fremont,34.8 acres,44.1421356,-111.5957933
Upper Cedar Creek,Tributary of Big Lost River,Custer,3.8 mi.,43.9820255,-113.6871158
Upper Goose Lake,Henry's Fork Drainage,Fremont,17.9 acres,44.1032538,-111.1118883
Upper Palisades Lake,Tributary of Dry Creek,Bonneville,122.9 acres,43.4345751,-111.1232497
Vacation Canyon,Tributary of Dry Creek,Bonneville,1.8 mi.,43.4222947,-111.0919509
Van Creek,South Fork Drainage,Bonneville,2.9 mi.,45.4546388,-116.148933
Van Dorn Canyon,Lost River Drainage,Butte,3.9 mi.,43.9892126,-113.3183368
Warm Creek,Tributary of Sawmill Creek,Lemhi,5 mi.,42.612013,-114.4729136
Warm Creek,Tributary of East Camas Creek,Clark,7 mi.,42.612013,-114.4729136
Warm Creek,Tributary of Divide Creek,Clark,7.8 mi.,42.612013,-114.4729136
Warm Creek,Tributary of Teton River,Teton,7.7 mi.,42.612013,-114.4729136
Warm Creek,Tributary of Canyon Creek,"Madison, Teton",5 mi.,42.612013,-114.4729136
Warm River,Tributary of Henrys Fork Snake River,Fremont,36.5 mi.,44.117457,-111.3218556
Warm Slough,Tributary of Henrys Fork Snake River,"Fremont, Madison",7.9 mi.,43.6741966,-116.3878051
Warm Spring Creek,Lost River Drainage,Butte,8.2 mi.,44.1595046,-115.3136712
Warm Spring Creek,Lost River Drainage,Butte,5.6 mi.,44.1595046,-115.3136712
Warm Springs Creek,Tributary of Parsons Creek,Custer,10.8 mi.,44.2177785,-114.6980582
Warm Springs Creek,Mud Lake Drainage,Clark,18.1 mi.,44.2177785,-114.6980582
Warm Springs Creek,South Fork Drainage,Bonneville,2 mi.,44.2177785,-114.6980582
Warren Creek,Lost River Drainage,"Butte, Custer",1.2 mi.,45.3673315,-115.6462347
Washington Lake,Lost River Drainage,Custer,3.2 acres,44.0316819,-114.6212556
Waterfall Creek,Tributary of Dry Creek,Bonneville,4 mi.,43.4102664,-111.1062426
Webber Creek,Tributary of Medicine Lodge Creek,Clark,8.8 mi.,44.3656226,-112.686144
Weda’a Naokwaide,Tributary of Sawmill Creek,Lemhi,5.5 mi.,44.3628375,-113.3232835
West Camas Creek,Tributary of Camas Creek,Clark,24.9 mi.,44.4773122,-112.0564244
West Dry Creek,Mud Lake Drainage,Clark,3.6 mi.,43.7282969,-116.2612732
West Fork Fish Creek,South Fork Drainage,Bonneville,2.7 mi.,43.430658,-113.8226533
West Fork Indian Creek,Tributary of Indian Creek,Clark,11.5 mi.,44.3907323,-112.4583998
West Fork Rattlesnake Creek,Tributary of Rattlesnake Creek,Clark,7 mi.,45.5756796,-115.1348865
West Side Reservoir,Snake River Drainage,Butte,0.5 acres,43.4054614,-113.2263924
Wet Creek,Tributary of Little Lost River,"Butte, Custer",24.5 mi.,44.0334637,-113.4632513
Wildcat Canyon,Tributary of East Fork Big Lost River,Custer,1.6 mi.,43.6269716,-116.6940773
Wildcat Creek,Tributary of North Badger Creek,Teton,5.9 mi.,45.8305178,-116.3086706
Wildhorse Creek,Tributary of East Fork Big Lost River,Custer,14.6 mi.,43.8807143,-114.0965499
Williams Creek,Tributary of South Fork Snake River,Bonneville,3.2 mi.,45.0673771,-114.7199964
Williams Creek,Tributary of Little Lost River,Butte,7 mi.,45.0673771,-114.7199964
Willow Creek,Tributary of Birch Creek,Lemhi,13.1 mi.,43.591956,-111.963826
Willow Creek,Tributary of Darlington Ditch,Custer,5.1 mi.,43.591956,-111.963826
Willow Creek,Tributary of Antelope Creek,Custer,2.1 mi.,43.591956,-111.963826
Willow Creek,Tributary of Henrys Fork Snake River,Fremont,5.7 mi.,43.591956,-111.963826
Willow Creek,Tributary of South Fork Willow Creek,"Bingham, Bonneville",74.7 mi.,43.591956,-111.963826
Willow Creek,Tributary of Sheridan Creek,"Clark, Fremont",11.9 mi.,43.591956,-111.963826
Willow Creek,Tributary of East Fork Big Lost River,Custer,2.2 mi.,43.591956,-111.963826
Willow Creek,Tributary of Thousand Springs Creek,Custer,7.8 mi.,43.591956,-111.963826
Windfall Canyon,Lost River Drainage,Clark,2.2 mi.,44.0381562,-112.876316
Wolverine Creek,Tributary of South Fork Snake River,"Bonneville, Madison",3.5 mi.,43.2642789,-111.9810407
Wolverine Creek,Tributary of McCoy Creek,Bonneville,5.6 mi.,43.2642789,-111.9810407
Wyoming Creek,Tributary of Rock Creek,Fremont,9.7 mi.,44.0826249,-111.0734063
Yale Creek,Tributary of Hotel Creek,Fremont,7.7 mi.,44.4821424,-111.4491835
Yeaman Creek,Tributary of South Fork Snake River,Bonneville,4.1 mi.,43.3404079,-111.2686271
Yellow Creek,Tributary of South Badger Creek,Teton,3.8 mi.,48.7218373,-116.4765348
